{
    "Version": "2012-10-17",
    "Statement": [
        {
            "Sid": "VisualEditor0",
            "Effect": "Allow",
            "Action": "logs:CreateLogGroup",
            "Resource": "arn:aws:logs:${region}:${account_id}:*"
        },
        {
            "Effect": "Allow",
            "Action": [
                "logs:CreateLogStream",
                "logs:PutLogEvents"
            ],
            "Resource": [
                "arn:aws:logs:${region}:${account_id}:log-group:/aws/lambda/${lambda_auth}:*"
            ]
        },
      {

            "Effect": "Allow",

            "Action": [

              "ec2:DescribeNetworkInterfaces",

              "ec2:CreateNetworkInterface",

              "ec2:DeleteNetworkInterface",

              "ec2:DescribeInstances",

              "ec2:AttachNetworkInterface"

            ],

            "Resource": "*"

 }
    ]
}
