{
    "Version": "2012-10-17",
    "Statement": [
        {
            "Action": [
                "dynamodb:*",
                "dax:*",
                "application-autoscaling:DeleteScalingPolicy",
                "application-autoscaling:DeregisterScalableTarget",
                "application-autoscaling:DescribeScalableTargets",
                "application-autoscaling:DescribeScalingActivities",
                "application-autoscaling:DescribeScalingPolicies",
                "application-autoscaling:PutScalingPolicy",
                "application-autoscaling:RegisterScalableTarget",
                "cloudwatch:DeleteAlarms",
                "cloudwatch:DescribeAlarmHistory",
                "cloudwatch:DescribeAlarms",
                "cloudwatch:DescribeAlarmsForMetric",
                "cloudwatch:GetMetricStatistics",
                "cloudwatch:ListMetrics",
                "cloudwatch:PutMetricAlarm",
                "cloudwatch:GetMetricData",
                "datapipeline:ActivatePipeline",
                "datapipeline:CreatePipeline",
                "datapipeline:DeletePipeline",
                "datapipeline:DescribeObjects",
                "datapipeline:DescribePipelines",
                "datapipeline:GetPipelineDefinition",
                "datapipeline:ListPipelines",
                "datapipeline:PutPipelineDefinition",
                "datapipeline:QueryObjects",
                "iam:GetPolicy",
                "iam:GetPolicyVersion",
                "iam:GetRole",
                "iam:GetRolePolicy",
                "iam:ListAttachedRolePolicies",
                "iam:ListRolePolicies",
                "iam:ListRoles",
                "kms:DescribeKey",
                "kms:ListAliases",
                "sns:CreateTopic",
                "sns:DeleteTopic",
                "sns:ListSubscriptions",
                "sns:ListSubscriptionsByTopic",
                "sns:ListTopics",
                "sns:Subscribe",
                "sns:Unsubscribe",
                "sns:SetTopicAttributes",
                "resource-groups:ListGroups",
                "resource-groups:ListGroupResources",
                "resource-groups:GetGroup",
                "resource-groups:GetGroupQuery",
                "resource-groups:DeleteGroup",
                "resource-groups:CreateGroup",
                "tag:GetResources",
                "kinesis:ListStreams",
                "kinesis:DescribeStream",
                "kinesis:DescribeStreamSummary",
                "logs:CreateLogGroup",
                "logs:CreateLogStream",
                "logs:PutLogEvents",
                "logs:DescribeLogGroups",
                "ec2:CreateNetworkInterface",
                "ec2:DescribeNetworkInterfaces",
                "ec2:DeleteNetworkInterface",
                "ec2:AssignPrivateIpAddresses",
                "ec2:UnassignPrivateIpAddresses",
                "ec2:DescribeSecurityGroups",
                "ec2:DescribeSubnets",
                "ec2:DescribeVpcs",
                "cloudformation:DescribeStacks",
                "cloudformation:ListStackResources",
                "lambda:*",
                "states:DescribeStateMachine",
                "states:ListStateMachines",
                "xray:GetTraceSummaries",
                "xray:BatchGetTraces"
            ],
            "Effect": "Allow",
            "Resource": "*"
        },
        {
            "Effect": "Allow",
            "Action": "iam:PassRole",
            "Resource": "*",
            "Condition": {
                "StringEquals": {
                    "iam:PassedToService": "lambda.amazonaws.com"
                }
            }
        },
        {
            "Effect": "Allow",
            "Action": [
                "logs:DescribeLogStreams",
                "logs:GetLogEvents",
                "logs:FilterLogEvents"
            ],
            "Resource": "arn:aws:logs:*:*:log-group:/aws/lambda/*"
        },
        {
            "Action": "cloudwatch:GetInsightRuleReport",
            "Effect": "Allow",
            "Resource": "arn:aws:cloudwatch:*:*:insight-rule/DynamoDBContributorInsights*"
        },
        {
            "Action": [
                "iam:PassRole"
            ],
            "Effect": "Allow",
            "Resource": "*",
            "Condition": {
                "StringLike": {
                    "iam:PassedToService": [
                        "application-autoscaling.amazonaws.com",
                        "application-autoscaling.amazonaws.com.cn",
                        "dax.amazonaws.com"
                    ]
                }
            }
        },
        {
            "Effect": "Allow",
            "Action": [
                "iam:CreateServiceLinkedRole"
            ],
            "Resource": "*",
            "Condition": {
                "StringEquals": {
                    "iam:AWSServiceName": [
                        "replication.dynamodb.amazonaws.com",
                        "dax.amazonaws.com",
                        "dynamodb.application-autoscaling.amazonaws.com",
                        "contributorinsights.dynamodb.amazonaws.com",
                        "kinesisreplication.dynamodb.amazonaws.com"
                    ]
                }
            }
        }
    ]
}