{
    "Version": "2012-10-17",
    "Statement": [
        {
            "Sid": "VisualEditor3",
            "Effect": "Allow",
            "Action": [
                "ec2:DescribeInstances",
                "s3:*",
                "dynamodb:ListTables",
                "dynamodb:ListBackups",
                "dynamodb:PurchaseReservedCapacityOfferings",
                "dynamodb:*",
                "dynamodb:ListStreams",
                "dynamodb:ListContributorInsights",
                "dynamodb:DescribeReservedCapacityOfferings",
                "dynamodb:ListGlobalTables",
                "dynamodb:DescribeReservedCapacity",
                "dynamodb:DescribeLimits",
                "dynamodb:ListExports"
            ],
            "Resource": "*"
        },
        {
            "Sid": "VisualEditor0",
            "Effect": "Allow",
            "Action": "logs:CreateLogGroup",
            "Resource": "*"
        },
        {
            "Sid": "VisualEditor1",
            "Effect": "Allow",
            "Action": [
                "logs:CreateLogStream",
                "logs:PutLogEvents"
            ],
            "Resource": "*"
        },

        {
            "Effect": "Allow",
            "Action": [
              "ec2:DescribeNetworkInterfaces",
              "ec2:CreateNetworkInterface",
              "ec2:DeleteNetworkInterface",
              "ec2:DescribeInstances",
              "ec2:AttachNetworkInterface"
            ],
            "Resource": "*"
          }
    ]
}