{
    "Version": "2012-10-17",
    "Statement": [
        {
            "Sid": "VisualEditor0",
            "Effect": "Allow",
            "Action": [
                "dynamodb:BatchGetItem",
                "sqs:GetQueueUrl",
                "dynamodb:ListTables",
                "sqs:SendMessageBatch",
                "sqs:SendMessage",
                "dynamodb:Scan",
                "dynamodb:Query",
                "sqs:GetQueueAttributes",
                "dynamodb:DescribeTable",
                "dynamodb:GetShardIterator",
                "dynamodb:GetItem",
                "dynamodb:GetRecords"
            ],
            "Resource": "*"
        },
        {
            "Effect": "Allow",
            "Action": [
                "kinesis:DescribeStreamConsumer",
                "kinesis:GetShardIterator",
                "kinesis:DescribeStream",
                "kinesis:ListTagsForStream",
                "kinesis:DescribeStreamSummary",
                "kinesis:GetRecords",
                "kinesis:DescribeLimits"
            ],
            "Resource": "arn:aws:kinesis:${region}:${account_id}:stream/${stream_name}"
        },
        {
            "Effect": "Allow",
            "Action": "logs:CreateLogGroup",
            "Resource": "arn:aws:logs:${region}:${account_id}:*"
        },
        {
            "Effect": "Allow",
            "Action": [
                "logs:CreateLogStream",
                "logs:PutLogEvents"
            ],
            "Resource": [
                "arn:aws:logs:${region}:${account_id}:log-group:/aws/lambda/${lambda_scim_event_notify}:*"
            ]
        },
      {

            "Effect": "Allow",

            "Action": [

              "ec2:DescribeNetworkInterfaces",

              "ec2:CreateNetworkInterface",

              "ec2:DeleteNetworkInterface",

              "ec2:DescribeInstances",

              "ec2:AttachNetworkInterface"

            ],

            "Resource": "*"

 }
    ]
}
