{
    "Version": "2012-10-17",
    "Statement": [
        {
            "Sid": "VisualEditor0",
            "Effect": "Allow",
            "Action": [
                "autoscaling:DescribeAutoScalingNotificationTypes",
                "autoscaling:BatchPutScheduledUpdateGroupAction",
                "autoscaling:DescribeScalingProcessTypes",
                "ec2:DescribeSecurityGroups",
                "ec2:DescribeSubnets",
                "ec2:DescribeVpcs",
                "rds:*",
                "autoscaling:EnterStandby",
                "autoscaling:DescribePolicies",
                "logs:*",
                "appsync:SetWebACL",
                "dynamodb:*",
                "autoscaling:ExecutePolicy",
                "autoscaling:PutScheduledUpdateGroupAction",
                "elasticloadbalancing:SetWebAcl",
                "elasticloadbalancing:SetWebACL",
                "autoscaling:DescribeAdjustmentTypes",
                "autoscaling:DescribeAutoScalingGroups",
                "autoscaling:DescribeWarmPool",
                "autoscaling:UpdateAutoScalingGroup",
                "kinesis:*",
                "autoscaling:DescribeInstanceRefreshes",
                "autoscaling:DescribeNotificationConfigurations",
                "autoscaling:TerminateInstanceInAutoScalingGroup",
                "autoscaling:PutNotificationConfiguration",
                "autoscaling:DeleteTags",
                "sns:*",
                "autoscaling:BatchDeleteScheduledAction",
                "autoscaling:ResumeProcesses",
                "apigateway:*",
                "autoscaling:SetDesiredCapacity",
                "autoscaling:DeleteWarmPool",
                "autoscaling:DetachLoadBalancerTargetGroups",
                "cloudformation:*",
                "autoscaling:SuspendProcesses",
                "autoscaling:DescribeMetricCollectionTypes",
                "autoscaling:DescribeLoadBalancers",
                "acm:ListTagsForCertificate",
                "autoscaling:AttachLoadBalancerTargetGroups",
                "autoscaling:PutWarmPool",
                "iam:*",
                "codecommit:*",
                "autoscaling:AttachInstances",
                "acm:DescribeCertificate",
                "cloudwatch:*",
                "waf:*",
                "codebuild:*",
                "autoscaling:CreateOrUpdateTags",
                "ecs:*",
                "ec2:*",
                "waf-regional:*",
                "autoscaling:CancelInstanceRefresh",
                "autoscaling:DeleteAutoScalingGroup",
                "eks:*",
                "autoscaling:DeleteLifecycleHook",
                "autoscaling:CreateAutoScalingGroup",
                "autoscaling:DeleteScheduledAction",
                "autoscaling:DetachInstances",
                "autoscaling:RecordLifecycleActionHeartbeat",
                "autoscaling:DescribeAutoScalingInstances",
                "autoscaling:ExitStandby",
                "autoscaling:DescribeTerminationPolicyTypes",
                "autoscaling:DescribeLaunchConfigurations",
                "sqs:*",
                "autoscaling:DeletePolicy",
                "apigateway:SetWebACL",
                "autoscaling:DescribeScalingActivities",
                "ses:*",
                "autoscaling:PutScalingPolicy",
                "autoscaling:DescribeAccountLimits",
                "kms:*",
                "wafv2:*",
                "autoscaling:DescribeScheduledActions",
                "acm:ListCertificates",
                "autoscaling:DescribeLoadBalancerTargetGroups",
                "autoscaling:DeleteNotificationConfiguration",
                "autoscaling:SetInstanceHealth",
                "autoscaling:DescribeLifecycleHookTypes",
                "autoscaling:AttachLoadBalancers",
                "autoscaling:DetachLoadBalancers",
                "autoscaling:EnableMetricsCollection",
                "s3:*",
                "autoscaling:PutLifecycleHook",
                "elasticloadbalancing:*",
                "autoscaling:DescribeLifecycleHooks",
                "autoscaling:StartInstanceRefresh",
                "autoscaling:CreateLaunchConfiguration",
                "autoscaling:CompleteLifecycleAction",
                "autoscaling:DisableMetricsCollection",
                "autoscaling:DeleteLaunchConfiguration",
                "autoscaling:SetInstanceProtection",
                "ssm:*",
                "lambda:*",
                "ecr:*",
                "elasticache:*"
            ],
            "Resource": "*"
        }
    ]
}